{"asymptomatischB":1,"incubatietijdN":8,"infectieN":1,"mutatie%":0.9288718611243224,"mutatieR":[0.05,0.15],"recoveryN":14,"ziekte%":0.6451908432256349}