{"asymptomatischB":1,"incubatietijdN":9,"infectieN":3,"mutatie%":1.1384231688853814,"mutatieR":[0.05,0.15],"recoveryN":7,"ziekte%":0.5495056354577335}